{
  "all": {
    "accuracy": 0.7231237888336182,
    "exact_accuracy": 0.19509397447109222,
    "lm_loss": 0.6171042919158936,
    "q_halt_accuracy": 0.9997066855430603,
    "q_halt_loss": 0.011432765983045101,
    "steps": 16.0
  }
}