{
  "all": {
    "accuracy": 0.8913111686706543,
    "exact_accuracy": 0.7040275931358337,
    "lm_loss": 0.24963735044002533,
    "q_halt_accuracy": 0.9998462796211243,
    "q_halt_loss": 0.0019830474629998207,
    "steps": 16.0
  }
}