{
  "all": {
    "accuracy": 0.9131534099578857,
    "exact_accuracy": 0.7701390385627747,
    "lm_loss": 0.19972625374794006,
    "q_halt_accuracy": 0.9998841285705566,
    "q_halt_loss": 0.009139720350503922,
    "steps": 16.0
  }
}