{
  "all": {
    "accuracy": 0.8538773059844971,
    "exact_accuracy": 0.5755465030670166,
    "lm_loss": 0.3404272496700287,
    "q_halt_accuracy": 0.9996641278266907,
    "q_halt_loss": 0.009891441091895103,
    "steps": 16.0
  }
}