{
  "all": {
    "accuracy": 0.8409042358398438,
    "exact_accuracy": 0.5500158667564392,
    "lm_loss": 0.36871337890625,
    "q_halt_accuracy": 0.997826337814331,
    "q_halt_loss": 0.02111874334514141,
    "steps": 16.0
  }
}