{
  "all": {
    "accuracy": 0.9038965106010437,
    "exact_accuracy": 0.7439910769462585,
    "lm_loss": 0.22047780454158783,
    "q_halt_accuracy": 0.9998486042022705,
    "q_halt_loss": 0.01009104959666729,
    "steps": 16.0
  }
}