{
  "all": {
    "accuracy": 0.7826696634292603,
    "exact_accuracy": 0.35569295287132263,
    "lm_loss": 0.4972895681858063,
    "q_halt_accuracy": 0.99929279088974,
    "q_halt_loss": 0.008619817905128002,
    "steps": 16.0
  }
}