{
  "all": {
    "accuracy": 0.8579939603805542,
    "exact_accuracy": 0.610462486743927,
    "lm_loss": 0.3271900415420532,
    "q_halt_accuracy": 0.9996783137321472,
    "q_halt_loss": 0.004428257700055838,
    "steps": 16.0
  }
}