{
  "all": {
    "accuracy": 0.8599373698234558,
    "exact_accuracy": 0.618355393409729,
    "lm_loss": 0.32212507724761963,
    "q_halt_accuracy": 0.9997280240058899,
    "q_halt_loss": 0.002182773547247052,
    "steps": 16.0
  }
}