{
  "all": {
    "accuracy": 0.827782928943634,
    "exact_accuracy": 0.5077415108680725,
    "lm_loss": 0.4010428488254547,
    "q_halt_accuracy": 0.9961374998092651,
    "q_halt_loss": 0.027827953919768333,
    "steps": 16.0
  }
}