{
  "all": {
    "accuracy": 0.8400434255599976,
    "exact_accuracy": 0.5415410995483398,
    "lm_loss": 0.370290607213974,
    "q_halt_accuracy": 0.9988599419593811,
    "q_halt_loss": 0.015049975365400314,
    "steps": 16.0
  }
}