{
  "all": {
    "accuracy": 0.7420119047164917,
    "exact_accuracy": 0.23245565593242645,
    "lm_loss": 0.5757876634597778,
    "q_halt_accuracy": 0.9913833737373352,
    "q_halt_loss": 0.021756980568170547,
    "steps": 16.0
  }
}