{
  "all": {
    "accuracy": 0.8158822655677795,
    "exact_accuracy": 0.36165815591812134,
    "lm_loss": 0.46969205141067505,
    "q_halt_accuracy": 0.9584163427352905,
    "q_halt_loss": 0.12855949997901917,
    "steps": 16.0
  }
}