{
  "all": {
    "accuracy": 0.9005991816520691,
    "exact_accuracy": 0.727566659450531,
    "lm_loss": 0.22533529996871948,
    "q_halt_accuracy": 0.998502790927887,
    "q_halt_loss": 0.008279796689748764,
    "steps": 16.0
  }
}