{
  "all": {
    "accuracy": 0.8093077540397644,
    "exact_accuracy": 0.3534506857395172,
    "lm_loss": 0.4983082413673401,
    "q_halt_accuracy": 0.9464646577835083,
    "q_halt_loss": 0.1823962926864624,
    "steps": 16.0
  }
}