{
  "all": {
    "accuracy": 0.911197304725647,
    "exact_accuracy": 0.7597507834434509,
    "lm_loss": 0.2009100466966629,
    "q_halt_accuracy": 0.9984460473060608,
    "q_halt_loss": 0.01396647933870554,
    "steps": 16.0
  }
}