{
  "all": {
    "accuracy": 0.9001146554946899,
    "exact_accuracy": 0.7283850312232971,
    "lm_loss": 0.22575850784778595,
    "q_halt_accuracy": 0.9998817443847656,
    "q_halt_loss": 0.001129449112340808,
    "steps": 16.0
  }
}