{
  "all": {
    "accuracy": 0.8701041340827942,
    "exact_accuracy": 0.5860245823860168,
    "lm_loss": 0.3148483633995056,
    "q_halt_accuracy": 0.9775844216346741,
    "q_halt_loss": 0.06730011850595474,
    "steps": 16.0
  }
}