{
  "all": {
    "accuracy": 0.8076537251472473,
    "exact_accuracy": 0.3954412043094635,
    "lm_loss": 0.4515208601951599,
    "q_halt_accuracy": 0.9828826189041138,
    "q_halt_loss": 0.05931490287184715,
    "steps": 16.0
  }
}