{
  "all": {
    "accuracy": 0.6961929798126221,
    "exact_accuracy": 0.11286561191082001,
    "lm_loss": 0.6833885312080383,
    "q_halt_accuracy": 0.9950897097587585,
    "q_halt_loss": 0.022850200533866882,
    "steps": 16.0
  }
}