{
  "all": {
    "accuracy": 0.9043488502502441,
    "exact_accuracy": 0.7408878207206726,
    "lm_loss": 0.21665269136428833,
    "q_halt_accuracy": 0.999839186668396,
    "q_halt_loss": 0.00305412570014596,
    "steps": 16.0
  }
}