{
  "all": {
    "accuracy": 0.9526768326759338,
    "exact_accuracy": 0.8719186782836914,
    "lm_loss": 0.11177568882703781,
    "q_halt_accuracy": 0.9995553493499756,
    "q_halt_loss": 0.0033721569925546646,
    "steps": 16.0
  }
}