{
  "all": {
    "accuracy": 0.9249969720840454,
    "exact_accuracy": 0.7941937446594238,
    "lm_loss": 0.17313280701637268,
    "q_halt_accuracy": 0.9992194771766663,
    "q_halt_loss": 0.012186501175165176,
    "steps": 16.0
  }
}