{
  "all": {
    "accuracy": 0.9409998655319214,
    "exact_accuracy": 0.8399024605751038,
    "lm_loss": 0.13827811181545258,
    "q_halt_accuracy": 0.9992407560348511,
    "q_halt_loss": 0.012153864838182926,
    "steps": 16.0
  }
}