{
  "all": {
    "accuracy": 0.8692854642868042,
    "exact_accuracy": 0.6269862055778503,
    "lm_loss": 0.2984394133090973,
    "q_halt_accuracy": 0.9997989535331726,
    "q_halt_loss": 0.00506242923438549,
    "steps": 16.0
  }
}