{
  "all": {
    "accuracy": 0.9518844485282898,
    "exact_accuracy": 0.8699720501899719,
    "lm_loss": 0.11367370188236237,
    "q_halt_accuracy": 0.9994370937347412,
    "q_halt_loss": 0.004329366609454155,
    "steps": 16.0
  }
}