{
  "all": {
    "accuracy": 0.9464806318283081,
    "exact_accuracy": 0.8551986217498779,
    "lm_loss": 0.12599194049835205,
    "q_halt_accuracy": 0.9993661046028137,
    "q_halt_loss": 0.004903985653072596,
    "steps": 16.0
  }
}