{
  "all": {
    "accuracy": 0.7236881256103516,
    "exact_accuracy": 0.1948598176240921,
    "lm_loss": 0.6197709441184998,
    "q_halt_accuracy": 0.9998107552528381,
    "q_halt_loss": 0.006325816735625267,
    "steps": 16.0
  }
}