{
  "all": {
    "accuracy": 0.9500619769096375,
    "exact_accuracy": 0.8647140860557556,
    "lm_loss": 0.11751634627580643,
    "q_halt_accuracy": 0.999536395072937,
    "q_halt_loss": 0.0036881372798234224,
    "steps": 16.0
  }
}