{
  "all": {
    "accuracy": 0.9510108232498169,
    "exact_accuracy": 0.8679733872413635,
    "lm_loss": 0.1157805547118187,
    "q_halt_accuracy": 0.9994157552719116,
    "q_halt_loss": 0.004636881873011589,
    "steps": 16.0
  }
}