{
  "all": {
    "accuracy": 0.9033800959587097,
    "exact_accuracy": 0.7298184037208557,
    "lm_loss": 0.2208356112241745,
    "q_halt_accuracy": 0.9997090697288513,
    "q_halt_loss": 0.0022544616367667913,
    "steps": 16.0
  }
}